{
    "./data/D3/d3-ecg-2.csv": [
        15,
        766,
        2,
        17,
        0.8823529411764706,
        0.46875,
        0.6122448979591837
    ],
    "./data/D4/d4-22me-ba.csv": [
        25,
        1653,
        8,
        26,
        0.7575757575757576,
        0.49019607843137253,
        0.5952380952380952
    ],
    "./data/D2/d2-22me.csv": [
        39,
        1654,
        5,
        14,
        0.8863636363636364,
        0.7358490566037735,
        0.8041237113402062
    ],
    "./data/D1/d1-2324.csv": [
        65,
        2839,
        16,
        0,
        0.8024691358024691,
        1.0,
        0.8904109589041096
    ],
    "./data/D1/d1-ecg-2.csv": [
        19,
        1564,
        9,
        8,
        0.6785714285714286,
        0.7037037037037037,
        0.6909090909090909
    ],
    "./data/D1/d1-22y1.csv": [
        31,
        1521,
        7,
        17,
        0.8157894736842105,
        0.6458333333333334,
        0.7209302325581395
    ],
    "./data/D3/d3-22me.csv": [
        23,
        1584,
        3,
        102,
        0.8846153846153846,
        0.184,
        0.304635761589404
    ],
    "./data/D1/d1-22xz.csv": [
        32,
        2339,
        15,
        14,
        0.6808510638297872,
        0.6956521739130435,
        0.6881720430107526
    ],
    "./data/D1/d1-22n4.csv": [
        0,
        1636,
        15,
        77,
        0.0,
        0.0,
        0.0
    ],
    "./data/D1/d1-22qu.csv": [
        31,
        1959,
        11,
        47,
        0.7380952380952381,
        0.3974358974358974,
        0.5166666666666667
    ],
    "./data/D4/d4-ecg-1.csv": [
        0,
        939,
        2,
        19,
        0.0,
        0.0,
        0.0
    ],
    "./data/D4/d4-22yw-outliers.csv": [
        28,
        5073,
        83,
        0,
        0.25225225225225223,
        1.0,
        0.40287769784172656
    ],
    "./data/D1/d1-22me.csv": [
        62,
        1619,
        11,
        20,
        0.8493150684931506,
        0.7560975609756098,
        0.7999999999999999
    ],
    "./data/D2/d2-ecg-1.csv": [
        15,
        936,
        2,
        7,
        0.8823529411764706,
        0.6818181818181818,
        0.7692307692307693
    ],
    "./data/D4/d4-22me-outliers.csv": [
        31,
        2517,
        20,
        0,
        0.6078431372549019,
        1.0,
        0.7560975609756097
    ],
    "./data/D3/d3-ecg-1.csv": [
        5,
        774,
        2,
        19,
        0.7142857142857143,
        0.20833333333333334,
        0.3225806451612903
    ],
    "./data/D1/d1-ecg-1.csv": [
        8,
        775,
        3,
        14,
        0.7272727272727273,
        0.36363636363636365,
        0.4848484848484849
    ],
    "./data/D1/d1-22ta.csv": [
        115,
        3074,
        11,
        0,
        0.9126984126984127,
        1.0,
        0.9543568464730291
    ],
    "./data/D3/d3-22yw.csv": [
        25,
        2522,
        15,
        30,
        0.625,
        0.45454545454545453,
        0.5263157894736842
    ],
    "./data/D2/d2-22xz.csv": [
        18,
        1572,
        10,
        0,
        0.6428571428571429,
        1.0,
        0.782608695652174
    ],
    "./data/D3/d3-22xz.csv": [
        72,
        2321,
        7,
        0,
        0.9113924050632911,
        1.0,
        0.9536423841059603
    ],
    "./data/D4/d4-ecg-2.csv": [
        31,
        929,
        0,
        0,
        1.0,
        1.0,
        1.0
    ],
    "./data/D2/d2-ecg-2.csv": [
        19,
        938,
        0,
        3,
        1.0,
        0.8636363636363636,
        0.9268292682926829
    ],
    "./data/D4/d4-22yw-ba.csv": [
        0,
        5046,
        91,
        47,
        0.0,
        0.0,
        0.0
    ],
    "./data/D4/changepoint.csv": [
        50,
        1705,
        28,
        0,
        0.6410256410256411,
        1.0,
        0.7812500000000001
    ],
    "./data/D1/d1-22pw.csv": [
        33,
        2822,
        25,
        0,
        0.5689655172413793,
        1.0,
        0.7252747252747253
    ],
    "./data/D2/d2-22yw.csv": [
        25,
        2557,
        10,
        0,
        0.7142857142857143,
        1.0,
        0.8333333333333333
    ]
}