{
    "./data/D3/d3-ecg-2.csv": [
        20,
        363,
        405,
        12,
        0.047058823529411764,
        0.625,
        0.087527352297593
    ],
    "./data/D4/d4-22me-ba.csv": [
        51,
        0,
        1661,
        0,
        0.029789719626168224,
        1.0,
        0.057855927396483264
    ],
    "./data/D2/d2-22me.csv": [
        1,
        1659,
        0,
        52,
        1.0,
        0.018867924528301886,
        0.037037037037037035
    ],
    "./data/D1/d1-2324.csv": [
        25,
        1393,
        1462,
        40,
        0.016812373907195696,
        0.38461538461538464,
        0.03221649484536083
    ],
    "./data/D1/d1-ecg-2.csv": [
        27,
        58,
        1515,
        0,
        0.017509727626459144,
        1.0,
        0.03441682600382409
    ],
    "./data/D1/d1-22y1.csv": [
        2,
        1528,
        0,
        46,
        1.0,
        0.041666666666666664,
        0.07999999999999999
    ],
    "./data/D3/d3-22me.csv": [
        3,
        1580,
        7,
        122,
        0.3,
        0.024,
        0.04444444444444444
    ],
    "./data/D1/d1-22xz.csv": [
        38,
        2354,
        0,
        8,
        1.0,
        0.8260869565217391,
        0.9047619047619047
    ],
    "./data/D1/d1-22n4.csv": [
        0,
        1649,
        2,
        77,
        0.0,
        0.0,
        0.0
    ],
    "./data/D1/d1-22qu.csv": [
        72,
        960,
        1010,
        6,
        0.066543438077634,
        0.9230769230769231,
        0.12413793103448276
    ],
    "./data/D4/d4-ecg-1.csv": [
        13,
        275,
        666,
        6,
        0.01914580265095729,
        0.6842105263157895,
        0.03724928366762178
    ],
    "./data/D4/d4-22yw-outliers.csv": [
        28,
        278,
        4878,
        0,
        0.005707297187117815,
        1.0,
        0.01134981759221727
    ],
    "./data/D1/d1-22me.csv": [
        57,
        1629,
        1,
        25,
        0.9827586206896551,
        0.6951219512195121,
        0.8142857142857143
    ],
    "./data/D2/d2-ecg-1.csv": [
        15,
        438,
        500,
        7,
        0.02912621359223301,
        0.6818181818181818,
        0.0558659217877095
    ],
    "./data/D3/d3-ecg-1.csv": [
        5,
        466,
        310,
        19,
        0.015873015873015872,
        0.20833333333333334,
        0.02949852507374631
    ],
    "./data/D1/d1-ecg-1.csv": [
        22,
        468,
        310,
        0,
        0.06626506024096386,
        1.0,
        0.12429378531073448
    ],
    "./data/D1/d1-22ta.csv": [
        0,
        3085,
        0,
        115,
        0.0,
        0.0,
        0.0
    ],
    "./data/D3/d3-22yw.csv": [
        55,
        316,
        2221,
        0,
        0.024165202108963092,
        1.0,
        0.047190047190047185
    ],
    "./data/D2/d2-22xz.csv": [
        18,
        1542,
        40,
        0,
        0.3103448275862069,
        1.0,
        0.4736842105263158
    ],
    "./data/D3/d3-22xz.csv": [
        61,
        2246,
        82,
        11,
        0.42657342657342656,
        0.8472222222222222,
        0.5674418604651162
    ],
    "./data/D4/d4-ecg-2.csv": [
        31,
        0,
        929,
        0,
        0.03229166666666667,
        1.0,
        0.0625630676084763
    ],
    "./data/D2/d2-ecg-2.csv": [
        19,
        169,
        769,
        3,
        0.024111675126903553,
        0.8636363636363636,
        0.046913580246913576
    ],
    "./data/D4/d4-22yw-ba.csv": [
        47,
        115,
        5022,
        0,
        0.009272045768396133,
        1.0,
        0.018373729476153244
    ],
    "./data/D4/d4-22me-outliers.csv": [
        4,
        2533,
        4,
        27,
        0.5,
        0.12903225806451613,
        0.20512820512820512
    ],
    "./data/D1/d1-22pw.csv": [
        25,
        2847,
        0,
        8,
        1.0,
        0.7575757575757576,
        0.8620689655172413
    ],
    "./data/D2/d2-22yw.csv": [
        25,
        0,
        2567,
        0,
        0.009645061728395061,
        1.0,
        0.019105846388995033
    ]
}