{
    "./data/D3/d3-ecg-2.csv": [
        5, 
        766, 
        2, 
        27, 
        0.7142857142857143, 
        0.15625, 
        0.25641025641025644
    ], 
    "./data/D4/d4-22me-ba.csv": [
        7, 
        1653, 
        8, 
        44, 
        0.4666666666666667, 
        0.13725490196078433, 
        0.21212121212121213
    ], 
    "./data/D2/d2-22me.csv": [
        10, 
        1654, 
        5, 
        43, 
        0.6666666666666666, 
        0.18867924528301888, 
        0.29411764705882354
    ], 
    "./data/D1/d1-2324.csv": [
        26, 
        2839, 
        16, 
        39, 
        0.6190476190476191, 
        0.4, 
        0.485981308411215
    ], 
    "./data/D1/d1-ecg-2.csv": [
        7, 
        1564, 
        9, 
        20, 
        0.4375, 
        0.25925925925925924, 
        0.3255813953488372
    ], 
    "./data/D1/d1-22y1.csv": [
        12, 
        1521, 
        7, 
        36, 
        0.631578947368421, 
        0.25, 
        0.3582089552238806
    ], 
    "./data/D3/d3-22me.csv": [
        17, 
        1584, 
        3, 
        108, 
        0.85, 
        0.136, 
        0.23448275862068968
    ], 
    "./data/D1/d1-22xz.csv": [
        16, 
        2339, 
        15, 
        30, 
        0.5161290322580645, 
        0.34782608695652173, 
        0.4155844155844156
    ], 
    "./data/D1/d1-22n4.csv": [
        0, 
        1636, 
        15, 
        77, 
        0.0, 
        0.0, 
        0.0
    ], 
    "./data/D1/d1-22qu.csv": [
        18, 
        1959, 
        11, 
        60, 
        0.6206896551724138, 
        0.23076923076923078, 
        0.33644859813084116
    ], 
    "./data/D4/d4-ecg-1.csv": [
        0, 
        939, 
        2, 
        19, 
        0.0, 
        0.0, 
        0.0
    ], 
    "./data/D4/d4-22yw-outliers.csv": [
        15, 
        5073, 
        83, 
        13, 
        0.15306122448979592, 
        0.5357142857142857, 
        0.23809523809523814
    ], 
    "./data/D1/d1-22me.csv": [
        7, 
        1619, 
        11, 
        75, 
        0.3888888888888889, 
        0.08536585365853659, 
        0.13999999999999999
    ], 
    "./data/D2/d2-ecg-1.csv": [
        9, 
        936, 
        2, 
        13, 
        0.8181818181818182, 
        0.4090909090909091, 
        0.5454545454545455
    ], 
    "./data/D4/d4-22me-outliers.csv": [
        12, 
        2517, 
        20, 
        19, 
        0.375, 
        0.3870967741935484, 
        0.38095238095238093
    ], 
    "./data/D3/d3-ecg-1.csv": [
        5, 
        774, 
        2, 
        19, 
        0.7142857142857143, 
        0.20833333333333334, 
        0.3225806451612903
    ], 
    "./data/D1/d1-ecg-1.csv": [
        4, 
        775, 
        3, 
        18, 
        0.5714285714285714, 
        0.18181818181818182, 
        0.27586206896551724
    ], 
    "./data/D1/d1-22ta.csv": [
        40, 
        3074, 
        11, 
        75, 
        0.7843137254901961, 
        0.34782608695652173, 
        0.4819277108433735
    ], 
    "./data/D3/d3-22yw.csv": [
        13, 
        2522, 
        15, 
        42, 
        0.4642857142857143, 
        0.23636363636363636, 
        0.3132530120481928
    ], 
    "./data/D2/d2-22xz.csv": [
        1, 
        1572, 
        10, 
        17, 
        0.09090909090909091, 
        0.05555555555555555, 
        0.06896551724137931
    ], 
    "./data/D3/d3-22xz.csv": [
        36, 
        2321, 
        7, 
        36, 
        0.8372093023255814, 
        0.5, 
        0.6260869565217391
    ], 
    "./data/D4/d4-ecg-2.csv": [
        8, 
        929, 
        0, 
        23, 
        1.0, 
        0.25806451612903225, 
        0.41025641025641024
    ], 
    "./data/D2/d2-ecg-2.csv": [
        8, 
        938, 
        0, 
        14, 
        1.0, 
        0.36363636363636365, 
        0.5333333333333333
    ], 
    "./data/D4/d4-22yw-ba.csv": [
        0, 
        5046, 
        91, 
        47, 
        0.0, 
        0.0, 
        0.0
    ], 
    "./data/D4/changepoint.csv": [
        6, 
        1705, 
        28, 
        44, 
        0.17647058823529413, 
        0.12, 
        0.14285714285714282
    ], 
    "./data/D1/d1-22pw.csv": [
        7, 
        2822, 
        25, 
        26, 
        0.21875, 
        0.21212121212121213, 
        0.21538461538461537
    ], 
    "./data/D2/d2-22yw.csv": [
        10, 
        2557, 
        10, 
        15, 
        0.5, 
        0.4, 
        0.4444444444444445
    ]
}