{
    "./data/D3/d3-ecg-2.csv": [
        20,
        363,
        405,
        12,
        0.047058823529411764,
        0.625,
        0.087527352297593
    ],
    "./data/D4/d4-22me-ba.csv": [
        51,
        0,
        1661,
        0,
        0.029789719626168224,
        1.0,
        0.057855927396483264
    ],
    "./data/D2/d2-22me.csv": [
        21,
        1659,
        0,
        32,
        1.0,
        0.39622641509433965,
        0.5675675675675675
    ],
    "./data/D1/d1-2324.csv": [
        49,
        1393,
        1462,
        16,
        0.03242885506287227,
        0.7538461538461538,
        0.06218274111675126
    ],
    "./data/D1/d1-ecg-2.csv": [
        27,
        58,
        1515,
        0,
        0.017509727626459144,
        1.0,
        0.03441682600382409
    ],
    "./data/D1/d1-22y1.csv": [
        48,
        1104,
        424,
        0,
        0.1016949152542373,
        1.0,
        0.18461538461538463
    ],
    "./data/D3/d3-22me.csv": [
        61,
        1577,
        10,
        64,
        0.8591549295774648,
        0.488,
        0.6224489795918366
    ],
    "./data/D1/d1-22xz.csv": [
        46,
        2354,
        0,
        0,
        1.0,
        1.0,
        1.0
    ],
    "./data/D1/d1-22n4.csv": [
        0,
        1649,
        2,
        77,
        0.0,
        0.0,
        0.0
    ],
    "./data/D1/d1-22qu.csv": [
        21,
        1968,
        2,
        57,
        0.9130434782608695,
        0.2692307692307692,
        0.4158415841584158
    ],
    "./data/D4/d4-ecg-1.csv": [
        19,
        0,
        941,
        0,
        0.019791666666666666,
        1.0,
        0.038815117466802856
    ],
    "./data/D4/d4-22yw-outliers.csv": [
        28,
        279,
        4877,
        0,
        0.005708460754332314,
        1.0,
        0.011352118386377457
    ],
    "./data/D1/d1-22me.csv": [
        57,
        1629,
        1,
        25,
        0.9827586206896551,
        0.6951219512195121,
        0.8142857142857143
    ],
    "./data/D2/d2-ecg-1.csv": [
        15,
        438,
        500,
        7,
        0.02912621359223301,
        0.6818181818181818,
        0.0558659217877095
    ],
    "./data/D3/d3-ecg-1.csv": [
        5,
        466,
        310,
        19,
        0.015873015873015872,
        0.20833333333333334,
        0.02949852507374631
    ],
    "./data/D1/d1-ecg-1.csv": [
        22,
        468,
        310,
        0,
        0.06626506024096386,
        1.0,
        0.12429378531073448
    ],
    "./data/D1/d1-22ta.csv": [
        0,
        3085,
        0,
        115,
        0.0,
        0.0,
        0.0
    ],
    "./data/D3/d3-22yw.csv": [
        55,
        0,
        2537,
        0,
        0.021219135802469136,
        1.0,
        0.0415564790328674
    ],
    "./data/D2/d2-22xz.csv": [
        18,
        1542,
        40,
        0,
        0.3103448275862069,
        1.0,
        0.4736842105263158
    ],
    "./data/D3/d3-22xz.csv": [
        72,
        2246,
        82,
        0,
        0.4675324675324675,
        1.0,
        0.6371681415929203
    ],
    "./data/D4/d4-ecg-2.csv": [
        31,
        0,
        929,
        0,
        0.03229166666666667,
        1.0,
        0.0625630676084763
    ],
    "./data/D2/d2-ecg-2.csv": [
        19,
        169,
        769,
        3,
        0.024111675126903553,
        0.8636363636363636,
        0.046913580246913576
    ],
    "./data/D4/d4-22yw-ba.csv": [
        47,
        115,
        5022,
        0,
        0.009272045768396133,
        1.0,
        0.018373729476153244
    ],
    "./data/D4/d4-22me-outliers.csv": [
        22,
        2533,
        4,
        9,
        0.8461538461538461,
        0.7096774193548387,
        0.7719298245614036
    ],
    "./data/D1/d1-22pw.csv": [
        33,
        2847,
        0,
        0,
        1.0,
        1.0,
        1.0
    ],
    "./data/D2/d2-22yw.csv": [
        25,
        0,
        2567,
        0,
        0.009645061728395061,
        1.0,
        0.019105846388995033
    ]
}